ID;HE
1;-1040
2;-1040
3;-1035
4;-1035
5;-1035
6;-1035
7;-1030
8;-1030
9;-1030
10;-1030
11;-1030
12;-1025
13;-1025
14;-1025
15;-1025
16;-1025
17;-1025
18;-1025
19;-1025
20;-1025
21;-1020
22;-1020
23;-1020
24;-1020
25;-1020
26;-1020
27;-1020
28;-1020
29;-1020
30;-1020
31;-1020
32;-1020
33;-1020
34;-1020
35;-1020
36;-1020
37;-1020
38;-1020
39;-1020
40;-1015
41;-1015
42;-1015
43;-1015
44;-1015
45;-1015
46;-1015
47;-1015
48;-1015
49;-1015
50;-1015
51;-1015
52;-1015
53;-1015
54;-1015
55;-1015
56;-1015
57;-1015
58;-1015
59;-1015
60;-1015
61;-1015
62;-1015
63;-1015
64;-1015
65;-1015
66;-1015
67;-1015
68;-1015
69;-1015
70;-1015
71;-1015
72;-1015
73;-1015
74;-1015
75;-1015
76;-1015
77;-1015
78;-1015
79;-1015
80;-1015
81;-1015
82;-1015
83;-1015
84;-1015
85;-1015
86;-1015
87;-1015
88;-1015
89;-1015
90;-1015
91;-1015
92;-1010
93;-1010
94;-1010
95;-1010
96;-1010
97;-1010
98;-1010
99;-1010
100;-1010
101;-1009
102;-1008
103;-1007
104;-1006
105;-1005
106;-1004
107;-1003
108;-1002
109;-1010
110;-1010
111;-1010
112;-1010
113;-1010
114;-1010
115;-1010
116;-1010
117;-1010
118;-1010
119;-1010
120;-1010
121;-1010
122;-1010
123;-1010
124;-1010
125;-1010
126;-1010
127;-1010
128;-1010
129;-1010
130;-1010
131;-1010
132;-1010
133;-1010
134;-1010
135;-1010
136;-1010
137;-1010
138;-1010
139;-1010
140;-1010
141;-1010
142;-1010
143;-1010
144;-1010
145;-1010
146;-1010
147;-1010
148;-1010
149;-1010
150;-1010
151;-1010
152;-1010
153;-1010
154;-1010
155;-1010
156;-1010
157;-1010
158;-1010
159;-1010
160;-1010
161;-1010
162;-1010
163;-1010
164;-1010
165;-1010
166;-1010
167;-1010
168;-1010
169;-1010
170;-1010
171;-1010
172;-1000
173;-1000
174;-1000
175;-1000
176;-1000
177;-1000
178;-1000
179;-1000
180;-1000
181;-1000
182;-1000
183;-1000
184;-1000
185;-1000
186;-1000
187;-999
188;-998
189;-997
190;-996
191;-995
192;-994
193;-993
194;-992
195;-991
196;-990
197;-989
198;-988
199;-987
200;-986
201;-985
202;-1000
203;-1000
204;-1000
205;-1000
206;-1000
207;-1000
208;-1000
209;-1000
210;-1000
211;-1000
212;-1000
213;-1000
214;-1000
215;-1000
216;-1000
217;-1000
218;-1000
219;-1000
220;-1000
221;-1000
222;-1000
223;-1000
224;-1000
225;-1000
226;-1000
227;-1000
228;-1000
229;-1000
230;-1000
231;-1000
232;-1000
233;-1000
234;-1000
235;-1000
236;-1000
237;-1000
238;-1000
239;-1000
240;-1000
241;-1000
242;-1000
243;-1000
244;-1000
245;-1000
246;-1000
247;-1000
248;-1000
249;-1000
250;-1000
251;-1000
252;-1000
253;-1000
254;-1000
255;-1000
256;-1000
257;-1000
258;-1000
259;-1000
260;-1000
261;-1000
262;-1000
263;-1000
264;-1000
265;-1000
266;-1000
267;-1000
268;-1000
269;-1000
270;-1000
271;-1000
272;-1000
273;-1000
274;-1000
275;-1000
276;-1000
277;-1000
278;-1000
279;-990
280;-990
281;-990
282;-990
283;-990
284;-990
285;-990
286;-990
287;-990
288;-990
289;-990
290;-990
291;-990
292;-990
293;-990
294;-990
295;-990
296;-990
297;-990
298;-990
299;-990
300;-990
301;-990
302;-990
303;-990
304;-990
305;-990
306;-990
307;-990
308;-990
309;-990
310;-990
311;-990
312;-990
313;-990
314;-990
315;-990
316;-990
317;-990
318;-990
319;-990
320;-990
321;-990
322;-990
323;-990
324;-990
325;-990
326;-990
327;-990
328;-990
329;-990
330;-990
331;-990
332;-990
333;-990
334;-990
335;-990
336;-990
337;-990
338;-990
339;-990
340;-990
341;-990
342;-990
343;-990
344;-990
345;-990
346;-990
347;-990
348;-990
349;-990
350;-990
351;-990
352;-990
353;-990
354;-990
355;-990
356;-990
357;-990
358;-990
359;-990
360;-990
361;-990
362;-990
363;-990
364;-990
365;-990
366;-990
367;-990
368;-990
369;-990
370;-990
371;-990
372;-990
373;-990
374;-990
375;-990
376;-990
377;-990
378;-990
379;-990
380;-990
381;-990
382;-990
383;-990
384;-990
385;-990
386;-990
387;-990
388;-990
389;-990
390;-990
391;-990
392;-990
393;-990
394;-990
395;-990
396;-990
397;-990
398;-990
399;-990
400;-990
401;-990
402;-990
403;-990
404;-990
405;-990
406;-990
407;-990
408;-990
409;-990
410;-990
411;-990
412;-990
413;-990
414;-990
415;-990
416;-990
417;-990
418;-990
419;-990
420;-990
421;-990
422;-990
423;-990
424;-990
425;-990
426;-990
427;-990
428;-990
429;-990
430;-990
431;-990
432;-990
433;-990
434;-990
435;-990
436;-990
437;-990
438;-990
439;-990
440;-990
441;-990
442;-990
443;-990
444;-990
445;-989
446;-988
447;-987
448;-986
449;-985
450;-984
451;-983
452;-982
453;-981
454;-980
455;-979
456;-978
457;-977
458;-976
459;-975
460;-974
461;-990
462;-990
463;-990
464;-990
465;-990
466;-990
467;-990
468;-990
469;-990
470;-990
471;-990
472;-990
473;-990
474;-990
475;-990
476;-990
477;-990
478;-990
479;-990
480;-990
481;-990
482;-990
483;-990
484;-990
485;-990
486;-990
487;-990
488;-990
489;-990
490;-990
491;-990
492;-990
493;-990
494;-990
495;-990
496;-990
497;-990
498;-990
499;-990
500;-990
501;-990
502;-990
503;-990
504;-990
505;-990
506;-990
507;-990
508;-990
509;-990
510;-990
511;-990
512;-990
513;-990
514;-990
515;-990
516;-990
517;-990
518;-990
519;-990
520;-990
521;-990
522;-990
523;-990
524;-990
525;-990
526;-990
527;-990
528;-990
529;-990
530;-990
531;-990
532;-990
533;-990
534;-990
535;-990
536;-990
537;-990
538;-990
539;-990
540;-990
541;-990
542;-990
543;-990
544;-990
545;-990
546;-990
547;-990
548;-990
549;-990
550;-990
551;-990
552;-990
553;-990
554;-990
555;-990
556;-990
557;-990
558;-990
559;-990
560;-990
561;-990
562;-980
563;-980
564;-980
565;-980
566;-980
567;-980
568;-980
569;-980
570;-980
571;-980
572;-980
573;-980
574;-979
575;-978
576;-977
577;-976
578;-975
579;-974
580;-973
581;-972
582;-980
583;-980
584;-980
585;-980
586;-980
587;-980
588;-980
589;-980
590;-980
591;-980
592;-980
593;-980
594;-980
595;-980
596;-980
597;-980
598;-980
599;-980
600;-980
601;-980
602;-980
603;-980
604;-980
605;-980
606;-980
607;-980
608;-980
609;-980
610;-980
611;-980
612;-980
613;-980
614;-980
615;-980
616;-980
617;-980
618;-980
619;-980
620;-980
621;-980
622;-980
623;-980
624;-980
625;-980
626;-980
627;-980
628;-980
629;-980
630;-980
631;-980
632;-980
633;-980
634;-980
635;-980
636;-980
637;-980
638;-980
639;-980
640;-980
641;-980
642;-980
643;-980
644;-980
645;-980
646;-980
647;-980
648;-980
649;-980
650;-980
651;-980
652;-980
653;-980
654;-980
655;-980
656;-980
657;-980
658;-980
659;-980
660;-980
661;-980
662;-980
663;-980
664;-980
665;-980
666;-980
667;-980
668;-980
669;-980
670;-980
671;-980
672;-980
673;-980
674;-980
675;-980
676;-980
677;-980
678;-980
679;-980
680;-980
681;-980
682;-980
683;-980
684;-980
685;-980
686;-980
687;-980
688;-980
689;-980
690;-980
691;-980
692;-980
693;-980
694;-980
695;-980
696;-980
697;-980
698;-980
699;-980
700;-980
701;-980
702;-980
703;-979
704;-978
705;-977
706;-976
707;-975
708;-974
709;-973
710;-972
711;-971
712;-970
713;-969
714;-968
715;-967
716;-966
717;-965
718;-964
719;-963
720;-962
721;-961
722;-960
723;-959
724;-958
725;-957
726;-956
727;-955
728;-954
729;-953
730;-952
731;-951
732;-950
733;-980
734;-980
735;-980
736;-980
737;-980
738;-980
739;-980
740;-980
741;-980
742;-980
743;-980
744;-980
745;-980
746;-980
747;-980
748;-980
749;-980
750;-980
751;-980
752;-980
753;-980
754;-980
755;-980
756;-980
757;-980
758;-980
759;-980
760;-980
761;-980
762;-980
763;-980
764;-980
765;-980
766;-980
767;-980
768;-980
769;-980
770;-980
771;-980
772;-980
773;-980
774;-980
775;-980
776;-980
777;-980
778;-980
779;-980
780;-980
781;-980
782;-980
783;-980
784;-980
785;-980
786;-980
787;-980
788;-980
789;-980
790;-980
791;-980
792;-980
793;-980
794;-980
795;-980
796;-980
797;-980
798;-980
799;-980
800;-980
801;-980
802;-980
803;-980
804;-980
805;-980
806;-980
807;-980
808;-980
809;-980
810;-980
811;-980
812;-980
813;-980
814;-980
815;-980
816;-980
817;-980
818;-980
819;-980
820;-980
821;-980
822;-980
823;-980
824;-980
825;-980
826;-980
827;-980
828;-980
829;-980
830;-980
831;-980
832;-979
833;-978
834;-977
835;-976
836;-975
837;-974
838;-973
839;-972
840;-971
841;-970
842;-969
843;-968
844;-967
845;-966
846;-965
847;-964
848;-963
849;-962
850;-961
851;-960
852;-959
853;-980
854;-980
855;-980
856;-980
857;-980
858;-980
859;-980
860;-980
861;-980
862;-980
863;-980
864;-980
865;-980
866;-980
867;-980
868;-980
869;-980
870;-980
871;-980
872;-980
873;-980
874;-980
875;-980
876;-980
877;-980
878;-980
879;-980
880;-980
881;-980
882;-980
883;-980
884;-980
885;-980
886;-980
887;-980
888;-980
889;-980
890;-980
891;-980
892;-980
893;-980
894;-980
895;-980
896;-980
897;-980
898;-980
899;-980
900;-980
901;-980
902;-980
903;-980
904;-980
905;-980
906;-980
907;-980
908;-980
909;-980
910;-980
911;-980
912;-980
913;-980
914;-980
915;-980
916;-980
917;-980
918;-980
919;-980
920;-975
921;-975
922;-975
923;-975
924;-975
925;-975
926;-975
927;-975
928;-975
929;-975
930;-975
931;-975
932;-975
933;-975
934;-975
935;-975
936;-975
937;-975
938;-975
939;-975
940;-975
941;-975
942;-975
943;-975
944;-975
945;-975
946;-975
947;-975
948;-975
949;-975
950;-975
951;-975
952;-975
953;-975
954;-975
955;-975
956;-975
957;-975
958;-975
959;-975
960;-975
961;-974
962;-973
963;-972
964;-971
965;-970
966;-969
967;-968
968;-967
969;-966
970;-965
971;-964
972;-963
973;-962
974;-961
975;-960
976;-959
977;-958
978;-957
979;-975
980;-975
981;-975
982;-975
983;-975
984;-975
985;-975
986;-975
987;-975
988;-975
989;-975
990;-975
991;-975
992;-975
993;-975
994;-975
995;-975
996;-975
997;-975
998;-975
999;-975
1000;-975
1001;-975
1002;-975
1003;-975
1004;-975
1005;-975
1006;-975
1007;-975
1008;-975
1009;-975
1010;-975
1011;-975
1012;-975
1013;-975
1014;-975
1015;-975
1016;-975
1017;-975
1018;-975
1019;-975
1020;-975
1021;-975
1022;-975
1023;-975
1024;-975
1025;-975
1026;-975
1027;-975
1028;-975
1029;-975
1030;-975
1031;-975
1032;-975
1033;-975
1034;-975
1035;-975
1036;-975
1037;-975
1038;-975
1039;-975
1040;-975
1041;-975
1042;-975
1043;-975
1044;-975
1045;-975
1046;-975
1047;-975
1048;-975
1049;-975
1050;-975
1051;-975
1052;-975
1053;-975
1054;-975
1055;-975
1056;-975
1057;-975
1058;-975
1059;-975
1060;-975
1061;-975
1062;-975
1063;-975
1064;-975
1065;-975
1066;-975
1067;-975
1068;-975
1069;-975
1070;-975
1071;-975
1072;-975
1073;-975
1074;-975
1075;-975
1076;-975
1077;-975
1078;-975
1079;-975
1080;-975
1081;-975
1082;-975
1083;-975
1084;-975
1085;-975
1086;-975
1087;-975
1088;-975
1089;-975
1090;-974
1091;-973
1092;-972
1093;-971
1094;-970
1095;-969
1096;-968
1097;-967
1098;-966
1099;-965
1100;-964
1101;-963
1102;-962
1103;-961
1104;-960
1105;-959
1106;-958
1107;-957
1108;-956
1109;-955
1110;-954
1111;-953
1112;-952
1113;-951
1114;-950
1115;-975
1116;-975
1117;-975
1118;-975
1119;-975
1120;-975
1121;-975
1122;-975
1123;-975
1124;-975
1125;-975
1126;-975
1127;-975
1128;-975
1129;-975
1130;-975
1131;-975
1132;-975
1133;-975
1134;-975
1135;-975
1136;-975
1137;-975
1138;-975
1139;-975
1140;-975
1141;-975
1142;-975
1143;-975
1144;-975
1145;-975
1146;-975
1147;-975
1148;-975
1149;-975
1150;-975
1151;-975
1152;-975
1153;-975
1154;-975
1155;-975
1156;-975
1157;-975
1158;-975
1159;-975
1160;-975
1161;-975
1162;-975
1163;-975
1164;-975
1165;-975
1166;-975
1167;-975
1168;-975
1169;-975
1170;-975
1171;-975
1172;-975
1173;-975
1174;-975
1175;-975
1176;-975
1177;-975
1178;-975
1179;-975
1180;-975
1181;-975
1182;-975
1183;-975
1184;-975
1185;-975
1186;-975
1187;-975
1188;-975
1189;-975
1190;-975
1191;-975
1192;-975
1193;-975
1194;-975
1195;-975
1196;-975
1197;-975
1198;-975
1199;-975
1200;-975
1201;-975
1202;-975
1203;-975
1204;-975
1205;-975
1206;-975
1207;-975
1208;-975
1209;-975
1210;-975
1211;-975
1212;-975
1213;-975
1214;-975
1215;-975
1216;-975
1217;-975
1218;-975
1219;-974
1220;-973
1221;-972
1222;-971
1223;-970
1224;-969
1225;-968
1226;-967
1227;-966
1228;-965
1229;-964
1230;-963
1231;-962
1232;-961
1233;-960
1234;-959
1235;-958
1236;-957
1237;-975
1238;-975
1239;-975
1240;-975
1241;-975
1242;-975
1243;-975
1244;-975
1245;-975
1246;-975
1247;-975
1248;-975
1249;-975
1250;-975
1251;-975
1252;-975
1253;-975
1254;-975
1255;-975
1256;-975
1257;-975
1258;-975
1259;-975
1260;-975
1261;-975
1262;-975
1263;-975
1264;-975
1265;-975
1266;-975
1267;-975
1268;-975
1269;-975
1270;-975
1271;-975
1272;-975
1273;-975
1274;-975
1275;-975
1276;-975
1277;-975
1278;-975
1279;-975
1280;-975
1281;-975
1282;-975
1283;-975
1284;-975
1285;-975
1286;-975
1287;-975
1288;-975
1289;-975
1290;-975
1291;-975
1292;-975
1293;-975
1294;-975
1295;-975
1296;-975
1297;-975
1298;-975
1299;-975
1300;-975
1301;-975
1302;-975
1303;-975
1304;-975
1305;-975
1306;-975
1307;-975
1308;-975
1309;-975
1310;-975
1311;-975
1312;-975
1313;-975
1314;-975
1315;-975
1316;-975
1317;-975
1318;-975
1319;-975
1320;-975
1321;-975
1322;-975
1323;-975
1324;-975
1325;-975
1326;-975
1327;-975
1328;-975
1329;-975
1330;-975
1331;-975
1332;-975
1333;-975
1334;-975
1335;-975
1336;-975
1337;-975
1338;-975
1339;-975
1340;-975
1341;-975
1342;-975
1343;-975
1344;-975
1345;-975
1346;-975
1347;-975
1348;-974
1349;-973
1350;-972
1351;-971
1352;-970
1353;-969
1354;-968
1355;-967
1356;-966
1357;-965
1358;-964
1359;-963
1360;-962
1361;-961
1362;-960
1363;-959
1364;-958
1365;-957
1366;-956
1367;-955
1368;-954
1369;-953
1370;-952
1371;-970
1372;-970
1373;-970
1374;-970
1375;-970
1376;-970
1377;-970
1378;-970
1379;-970
1380;-970
1381;-970
1382;-970
1383;-970
1384;-970
1385;-970
1386;-970
1387;-970
1388;-970
1389;-970
1390;-970
1391;-970
1392;-970
1393;-970
1394;-970
1395;-970
1396;-970
1397;-970
1398;-970
1399;-970
1400;-970
1401;-970
1402;-970
1403;-970
1404;-970
1405;-970
1406;-970
1407;-970
1408;-970
1409;-970
1410;-970
1411;-970
1412;-970
1413;-970
1414;-970
1415;-970
1416;-970
1417;-970
1418;-970
1419;-970
1420;-970
1421;-970
1422;-970
1423;-970
1424;-970
1425;-970
1426;-970
1427;-970
1428;-970
1429;-970
1430;-970
1431;-970
1432;-970
1433;-970
1434;-970
1435;-970
1436;-970
1437;-970
1438;-970
1439;-970
1440;-970
1441;-970
1442;-970
1443;-970
1444;-970
1445;-970
1446;-970
1447;-970
1448;-970
1449;-970
1450;-970
1451;-970
1452;-970
1453;-970
1454;-970
1455;-970
1456;-970
1457;-970
1458;-970
1459;-970
1460;-970
1461;-970
1462;-970
1463;-970
1464;-970
1465;-970
1466;-970
1467;-970
1468;-970
1469;-970
1470;-970
1471;-970
1472;-970
1473;-970
1474;-970
1475;-970
1476;-970
1477;-969
1478;-968
1479;-967
1480;-966
1481;-965
1482;-964
1483;-963
1484;-962
1485;-961
1486;-960
1487;-959
1488;-958
1489;-970
1490;-970
1491;-970
1492;-970
1493;-970
1494;-970
1495;-970
1496;-970
1497;-970
1498;-970
1499;-970
1500;-970
1501;-970
1502;-970
1503;-970
1504;-970
1505;-970
1506;-970
1507;-970
1508;-970
1509;-970
1510;-970
1511;-970
1512;-970
1513;-970
1514;-970
1515;-970
1516;-970
1517;-970
1518;-970
1519;-970
1520;-970
1521;-970
1522;-970
1523;-970
1524;-970
1525;-970
1526;-970
1527;-970
1528;-970
1529;-970
1530;-970
1531;-970
1532;-970
1533;-970
1534;-970
1535;-970
1536;-970
1537;-970
1538;-970
1539;-970
1540;-970
1541;-970
1542;-970
1543;-970
1544;-970
1545;-970
1546;-970
1547;-970
1548;-970
1549;-970
1550;-970
1551;-970
1552;-970
1553;-970
1554;-970
1555;-970
1556;-970
1557;-970
1558;-970
1559;-970
1560;-970
1561;-970
1562;-970
1563;-969
1564;-968
1565;-967
1566;-966
1567;-965
1568;-964
1569;-963
1570;-962
1571;-961
1572;-960
1573;-959
1574;-958
1575;-957
1576;-956
1577;-955
1578;-954
1579;-953
1580;-952
1581;-951
1582;-950
1583;-949
1584;-948
1585;-947
1586;-946
1587;-945
1588;-944
1589;-943
1590;-942
1591;-941
1592;-970
1593;-970
1594;-970
1595;-970
1596;-970
1597;-970
1598;-970
1599;-970
1600;-970
1601;-970
1602;-970
1603;-970
1604;-970
1605;-970
1606;-970
1607;-970
1608;-970
1609;-970
1610;-970
1611;-970
1612;-970
1613;-970
1614;-970
1615;-970
1616;-970
1617;-970
1618;-970
1619;-970
1620;-970
1621;-970
1622;-970
1623;-970
1624;-970
1625;-970
1626;-970
1627;-970
1628;-970
1629;-970
1630;-970
1631;-970
1632;-970
1633;-970
1634;-970
1635;-970
1636;-970
1637;-970
1638;-970
1639;-970
1640;-970
1641;-970
1642;-970
1643;-970
1644;-970
1645;-970
1646;-970
1647;-970
1648;-970
1649;-970
1650;-970
1651;-970
1652;-970
1653;-970
1654;-970
1655;-970
1656;-970
1657;-970
1658;-970
1659;-970
1660;-970
1661;-970
1662;-970
1663;-970
1664;-970
1665;-970
1666;-970
1667;-970
1668;-970
1669;-970
1670;-970
1671;-970
1672;-970
1673;-970
1674;-970
1675;-970
1676;-970
1677;-970
1678;-970
1679;-970
1680;-970
1681;-970
1682;-970
1683;-970
1684;-970
1685;-970
1686;-970
1687;-970
1688;-970
1689;-970
1690;-970
1691;-970
1692;-969
1693;-968
1694;-967
1695;-966
1696;-965
1697;-964
1698;-963
1699;-962
1700;-961
1701;-960
1702;-959
1703;-958
1704;-957
1705;-956
1706;-955
1707;-954
1708;-953
1709;-952
1710;-951
1711;-950
1712;-949
1713;-948
1714;-947
1715;-946
1716;-945
1717;-944
1718;-943
1719;-942
1720;-941
1721;-940
1722;-939
1723;-938
1724;-937
1725;-936
1726;-935
1727;-934
1728;-933
1729;-932
1730;-970
1731;-970
1732;-970
1733;-970
1734;-970
1735;-970
1736;-970
1737;-970
1738;-970
1739;-970
1740;-970
1741;-970
1742;-970
1743;-970
1744;-970
1745;-970
1746;-970
1747;-970
1748;-970
1749;-970
1750;-970
1751;-970
1752;-970
1753;-970
1754;-970
1755;-970
1756;-970
1757;-970
1758;-970
1759;-970
1760;-970
1761;-970
1762;-970
1763;-970
1764;-970
1765;-970
1766;-970
1767;-970
1768;-970
1769;-970
1770;-970
1771;-970
1772;-970
1773;-970
1774;-970
1775;-970
1776;-970
1777;-970
1778;-970
1779;-970
1780;-970
1781;-970
1782;-970
1783;-970
1784;-970
1785;-970
1786;-970
1787;-970
1788;-970
1789;-970
1790;-970
1791;-970
1792;-970
1793;-970
1794;-970
1795;-970
1796;-970
1797;-970
1798;-970
1799;-970
1800;-970
1801;-970
1802;-970
1803;-970
1804;-970
1805;-970
1806;-970
1807;-970
1808;-970
1809;-970
1810;-970
1811;-970
1812;-970
1813;-970
1814;-970
1815;-970
1816;-970
1817;-970
1818;-970
1819;-970
1820;-970
1821;-969
1822;-968
1823;-967
1824;-966
1825;-965
1826;-964
1827;-963
1828;-962
1829;-961
1830;-960
1831;-959
1832;-958
1833;-957
1834;-970
1835;-970
1836;-970
1837;-970
1838;-970
1839;-970
1840;-970
1841;-970
1842;-970
1843;-970
1844;-970
1845;-970
1846;-970
1847;-970
1848;-970
1849;-970
1850;-970
1851;-970
1852;-970
1853;-970
1854;-970
1855;-970
1856;-970
1857;-970
1858;-970
1859;-970
1860;-970
1861;-970
1862;-970
1863;-970
1864;-970
1865;-970
1866;-970
1867;-970
1868;-970
1869;-970
1870;-970
1871;-970
1872;-970
1873;-970
1874;-970
1875;-970
1876;-965
1877;-965
1878;-965
1879;-965
1880;-965
1881;-965
1882;-965
1883;-965
1884;-965
1885;-965
1886;-965
1887;-965
1888;-965
1889;-965
1890;-965
1891;-965
1892;-965
1893;-965
1894;-965
1895;-965
1896;-965
1897;-965
1898;-965
1899;-965
1900;-965
1901;-965
1902;-965
1903;-965
1904;-965
1905;-965
1906;-965
1907;-965
1908;-965
1909;-965
1910;-965
1911;-965
1912;-965
1913;-965
1914;-965
1915;-965
1916;-965
1917;-965
1918;-965
1919;-965
1920;-965
1921;-965
1922;-965
1923;-965
1924;-965
1925;-965
1926;-965
1927;-965
1928;-965
1929;-965
1930;-965
1931;-965
1932;-965
1933;-965
1934;-965
1935;-965
1936;-965
1937;-965
1938;-965
1939;-965
1940;-965
1941;-965
1942;-965
1943;-965
1944;-965
1945;-965
1946;-965
1947;-965
1948;-965
1949;-965
1950;-964
1951;-963
1952;-962
1953;-961
1954;-960
1955;-959
1956;-958
1957;-957
1958;-956
1959;-955
1960;-954
1961;-953
1962;-952
1963;-951
1964;-950
1965;-949
1966;-948
1967;-947
1968;-946
1969;-945
1970;-965
1971;-965
1972;-965
1973;-965
1974;-965
1975;-965
1976;-965
1977;-965
1978;-965
1979;-965
1980;-965
1981;-965
1982;-965
1983;-965
1984;-965
1985;-965
1986;-965
1987;-965
1988;-965
1989;-965
1990;-965
1991;-965
1992;-965
1993;-965
1994;-965
1995;-965
1996;-965
1997;-965
1998;-965
1999;-965
2000;-965
2001;-965
2002;-965
2003;-965
2004;-965
2005;-965
2006;-965
2007;-965
2008;-965
2009;-965
2010;-965
2011;-965
2012;-965
2013;-965
2014;-965
2015;-965
2016;-965
2017;-965
2018;-965
2019;-965
2020;-965
2021;-965
2022;-965
2023;-965
2024;-965
2025;-965
2026;-965
2027;-965
2028;-965
2029;-965
2030;-965
2031;-965
2032;-965
2033;-965
2034;-965
2035;-965
2036;-965
2037;-965
2038;-965
2039;-965
2040;-965
2041;-965
2042;-965
2043;-965
2044;-965
2045;-965
2046;-965
2047;-965
2048;-965
2049;-965
2050;-965
2051;-965
2052;-965
2053;-965
2054;-965
2055;-965
2056;-965
2057;-965
2058;-965
2059;-965
2060;-965
2061;-965
2062;-965
2063;-965
2064;-965
2065;-965
2066;-965
2067;-965
2068;-965
2069;-965
2070;-965
2071;-965
2072;-965
2073;-965
2074;-965
2075;-965
2076;-965
2077;-965
2078;-965
2079;-964
2080;-963
2081;-962
2082;-961
2083;-960
2084;-959
2085;-958
2086;-957
2087;-956
2088;-955
2089;-954
2090;-953
2091;-952
2092;-951
2093;-950
2094;-949
2095;-948
2096;-947
2097;-946
2098;-945
2099;-944
2100;-943
2101;-942
2102;-941
2103;-965
2104;-965
2105;-965
2106;-965
2107;-965
2108;-965
2109;-965
2110;-965
2111;-965
2112;-965
2113;-965
2114;-965
2115;-965
2116;-965
2117;-965
2118;-965
2119;-965
2120;-965
2121;-965
2122;-965
2123;-965
2124;-965
2125;-965
2126;-965
2127;-965
2128;-965
2129;-965
2130;-965
2131;-965
2132;-965
2133;-965
2134;-965
2135;-965
2136;-965
2137;-965
2138;-965
2139;-965
2140;-965
2141;-965
2142;-965
2143;-965
2144;-965
2145;-965
2146;-965
2147;-965
2148;-965
2149;-965
2150;-965
2151;-965
2152;-965
2153;-965
2154;-965
2155;-965
2156;-965
2157;-965
2158;-965
2159;-965
2160;-965
2161;-965
2162;-965
2163;-965
2164;-965
2165;-964
2166;-963
2167;-962
2168;-961
2169;-960
2170;-959
2171;-958
2172;-957
2173;-956
2174;-955
2175;-954
2176;-953
2177;-952
2178;-951
2179;-950
2180;-949
2181;-948
2182;-947
2183;-946
2184;-945
2185;-944
2186;-943
2187;-942
2188;-941
2189;-940
2190;-939
2191;-938
2192;-937
2193;-936
2194;-935
2195;-934
2196;-965
2197;-965
2198;-965
2199;-965
2200;-965
2201;-965
2202;-965
2203;-965
2204;-965
2205;-965
2206;-965
2207;-965
2208;-965
2209;-965
2210;-965
2211;-965
2212;-965
2213;-965
2214;-965
2215;-965
2216;-965
2217;-965
2218;-965
2219;-965
2220;-965
2221;-965
2222;-965
2223;-965
2224;-965
2225;-965
2226;-965
2227;-965
2228;-965
2229;-965
2230;-965
2231;-965
2232;-965
2233;-965
2234;-965
2235;-965
2236;-965
2237;-965
2238;-965
2239;-965
2240;-965
2241;-965
2242;-965
2243;-965
2244;-965
2245;-965
2246;-965
2247;-965
2248;-965
2249;-965
2250;-965
2251;-965
2252;-965
2253;-965
2254;-965
2255;-965
2256;-965
2257;-965
2258;-965
2259;-965
2260;-965
2261;-965
2262;-965
2263;-965
2264;-965
2265;-965
2266;-965
2267;-965
2268;-965
2269;-965
2270;-965
2271;-965
2272;-965
2273;-965
2274;-965
2275;-965
2276;-965
2277;-965
2278;-965
2279;-965
2280;-965
2281;-965
2282;-965
2283;-965
2284;-965
2285;-965
2286;-965
2287;-965
2288;-965
2289;-965
2290;-965
2291;-965
2292;-965
2293;-965
2294;-964
2295;-963
2296;-962
2297;-961
2298;-960
2299;-959
2300;-958
2301;-957
2302;-956
2303;-955
2304;-954
2305;-953
2306;-952
2307;-951
2308;-950
2309;-949
2310;-948
2311;-947
2312;-946
2313;-945
2314;-944
2315;-943
2316;-942
2317;-941
2318;-940
2319;-939
2320;-938
2321;-937
2322;-936
2323;-935
2324;-934
2325;-965
2326;-965
2327;-965
2328;-965
2329;-965
2330;-965
2331;-965
2332;-965
2333;-965
2334;-965
2335;-965
2336;-965
2337;-965
2338;-965
2339;-965
2340;-965
2341;-965
2342;-965
2343;-965
2344;-965
2345;-965
2346;-965
2347;-965
2348;-965
2349;-965
2350;-965
2351;-965
2352;-965
2353;-965
2354;-965
2355;-965
2356;-965
2357;-965
2358;-965
2359;-965
2360;-965
2361;-965
2362;-965
2363;-965
2364;-965
2365;-965
2366;-965
2367;-965
2368;-965
2369;-965
2370;-965
2371;-965
2372;-965
2373;-965
2374;-965
2375;-965
2376;-965
2377;-965
2378;-965
2379;-965
2380;-964
2381;-963
2382;-962
2383;-961
2384;-960
2385;-959
2386;-958
2387;-957
2388;-956
2389;-955
2390;-954
2391;-953
2392;-952
2393;-965
2394;-965
2395;-965
2396;-965
2397;-965
2398;-965
2399;-965
2400;-965
2401;-965
2402;-965
2403;-965
2404;-965
2405;-965
2406;-965
2407;-965
2408;-965
2409;-965
2410;-965
2411;-965
2412;-965
2413;-965
2414;-965
2415;-965
2416;-965
2417;-965
2418;-965
2419;-965
2420;-965
2421;-965
2422;-965
2423;-965
2424;-965
2425;-965
2426;-965
2427;-965
2428;-965
2429;-965
2430;-965
2431;-965
2432;-965
2433;-965
2434;-965
2435;-965
2436;-965
2437;-965
2438;-965
2439;-965
2440;-965
2441;-965
2442;-965
2443;-965
2444;-965
2445;-965
2446;-965
2447;-965
2448;-965
2449;-965
2450;-965
2451;-965
2452;-965
2453;-965
2454;-965
2455;-965
2456;-965
2457;-965
2458;-965
2459;-965
2460;-965
2461;-965
2462;-965
2463;-965
2464;-965
2465;-965
2466;-965
2467;-965
2468;-965
2469;-965
2470;-960
2471;-960
2472;-960
2473;-960
2474;-960
2475;-960
2476;-960
2477;-960
2478;-960
2479;-960
2480;-960
2481;-960
2482;-960
2483;-960
2484;-960
2485;-960
2486;-960
2487;-960
2488;-960
2489;-960
2490;-960
2491;-960
2492;-960
2493;-960
2494;-960
2495;-960
2496;-960
2497;-960
2498;-960
2499;-960
2500;-960
2501;-960
2502;-960
2503;-960
2504;-960
2505;-960
2506;-960
2507;-960
2508;-960
2509;-959
2510;-958
2511;-957
2512;-956
2513;-955
2514;-954
2515;-953
2516;-952
2517;-951
2518;-950
2519;-949
2520;-948
2521;-947
2522;-946
2523;-945
2524;-944
2525;-943
2526;-942
2527;-941
2528;-940
2529;-939
2530;-938
2531;-937
2532;-936
2533;-935
2534;-934
2535;-933
2536;-932
2537;-931
2538;-930
2539;-960
2540;-960
2541;-960
2542;-960
2543;-960
2544;-960
2545;-960
2546;-960
2547;-960
2548;-960
2549;-960
2550;-960
2551;-960
2552;-960
2553;-960
2554;-960
2555;-960
2556;-960
2557;-960
2558;-960
2559;-960
2560;-960
2561;-960
2562;-960
2563;-960
2564;-960
2565;-960
2566;-960
2567;-960
2568;-960
2569;-960
2570;-960
2571;-960
2572;-960
2573;-960
2574;-960
2575;-960
2576;-960
2577;-960
2578;-960
2579;-960
2580;-960
2581;-960
2582;-960
2583;-960
2584;-960
2585;-960
2586;-960
2587;-960
2588;-960
2589;-960
2590;-960
2591;-960
2592;-960
2593;-960
2594;-960
2595;-959
2596;-958
2597;-957
2598;-956
2599;-955
2600;-954
2601;-953
2602;-952
2603;-951
2604;-950
2605;-960
2606;-960
2607;-960
2608;-960
2609;-960
2610;-960
2611;-960
2612;-960
2613;-960
2614;-960
2615;-960
2616;-960
2617;-960
2618;-960
2619;-960
2620;-960
2621;-960
2622;-960
2623;-960
2624;-960
2625;-960
2626;-960
2627;-960
2628;-960
2629;-960
2630;-960
2631;-960
2632;-960
2633;-960
2634;-960
2635;-960
2636;-960
2637;-960
2638;-960
2639;-960
2640;-960
2641;-960
2642;-960
2643;-960
2644;-960
2645;-960
2646;-960
2647;-960
2648;-960
2649;-960
2650;-960
2651;-960
2652;-960
2653;-960
2654;-960
2655;-960
2656;-960
2657;-960
2658;-960
2659;-960
2660;-960
2661;-960
2662;-960
2663;-960
2664;-960
2665;-960
2666;-960
2667;-960
2668;-960
2669;-960
2670;-960
2671;-960
2672;-960
2673;-960
2674;-960
2675;-960
2676;-960
2677;-960
2678;-960
2679;-960
2680;-960
2681;-959
2682;-958
2683;-957
2684;-956
2685;-955
2686;-954
2687;-953
2688;-952
2689;-951
2690;-950
2691;-949
2692;-948
2693;-947
2694;-946
2695;-945
2696;-944
2697;-943
2698;-942
2699;-941
2700;-940
2701;-939
2702;-960
2703;-960
2704;-960
2705;-960
2706;-960
2707;-960
2708;-960
2709;-960
2710;-960
2711;-960
2712;-960
2713;-960
2714;-960
2715;-960
2716;-960
2717;-960
2718;-960
2719;-960
2720;-960
2721;-960
2722;-960
2723;-960
2724;-960
2725;-960
2726;-960
2727;-960
2728;-960
2729;-960
2730;-960
2731;-960
2732;-960
2733;-960
2734;-960
2735;-960
2736;-960
2737;-960
2738;-960
2739;-960
2740;-960
2741;-960
2742;-960
2743;-960
2744;-960
2745;-960
2746;-960
2747;-960
2748;-960
2749;-960
2750;-960
2751;-960
2752;-960
2753;-960
2754;-960
2755;-960
2756;-960
2757;-960
2758;-960
2759;-960
2760;-960
2761;-960
2762;-960
2763;-960
2764;-960
2765;-960
2766;-960
2767;-959
2768;-958
2769;-957
2770;-956
2771;-955
2772;-954
2773;-953
2774;-952
2775;-951
2776;-950
2777;-949
2778;-948
2779;-947
2780;-946
2781;-945
2782;-944
2783;-943
2784;-942
2785;-941
2786;-940
2787;-939
2788;-960
2789;-960
2790;-960
2791;-960
2792;-960
2793;-960
2794;-960
2795;-960
2796;-960
2797;-960
2798;-960
2799;-960
2800;-960
2801;-960
2802;-960
2803;-960
2804;-960
2805;-960
2806;-960
2807;-960
2808;-960
2809;-960
2810;-960
2811;-960
2812;-960
2813;-960
2814;-960
2815;-960
2816;-960
2817;-960
2818;-960
2819;-960
2820;-960
2821;-960
2822;-960
2823;-960
2824;-960
2825;-960
2826;-960
2827;-960
2828;-960
2829;-960
2830;-960
2831;-960
2832;-960
2833;-960
2834;-960
2835;-960
2836;-960
2837;-960
2838;-960
2839;-960
2840;-960
2841;-960
2842;-960
2843;-960
2844;-960
2845;-960
2846;-960
2847;-960
2848;-960
2849;-960
2850;-960
2851;-960
2852;-960
2853;-960
2854;-960
2855;-960
2856;-960
2857;-960
2858;-960
2859;-960
2860;-960
2861;-960
2862;-960
2863;-960
2864;-960
2865;-960
2866;-960
2867;-960
2868;-960
2869;-960
2870;-960
2871;-960
2872;-960
2873;-960
2874;-960
2875;-960
2876;-960
2877;-960
2878;-960
2879;-960
2880;-960
2881;-960
2882;-960
2883;-960
2884;-960
2885;-960
2886;-960
2887;-960
2888;-960
2889;-960
2890;-960
2891;-960
2892;-960
2893;-960
2894;-960
2895;-960
2896;-959
2897;-958
2898;-957
2899;-956
2900;-955
2901;-954
2902;-953
2903;-952
2904;-951
2905;-950
2906;-949
2907;-948
2908;-947
2909;-946
2910;-945
2911;-944
2912;-943
2913;-942
2914;-941
2915;-940
2916;-939
2917;-938
2918;-960
2919;-960
2920;-960
2921;-960
2922;-960
2923;-960
2924;-960
2925;-960
2926;-960
2927;-960
2928;-960
2929;-960
2930;-960
2931;-960
2932;-960
2933;-960
2934;-960
2935;-960
2936;-960
2937;-960
2938;-960
2939;-960
2940;-960
2941;-960
2942;-960
2943;-960
2944;-960
2945;-960
2946;-960
2947;-960
2948;-960
2949;-960
2950;-960
2951;-960
2952;-960
2953;-960
2954;-960
2955;-960
2956;-960
2957;-960
2958;-960
2959;-960
2960;-960
2961;-960
2962;-960
2963;-960
2964;-960
2965;-960
2966;-960
2967;-960
2968;-960
2969;-960
2970;-960
2971;-960
2972;-960
2973;-960
2974;-960
2975;-960
2976;-960
2977;-960
2978;-960
2979;-960
2980;-960
2981;-960
2982;-960
2983;-960
2984;-960
2985;-960
2986;-960
2987;-960
2988;-960
2989;-960
2990;-960
2991;-960
2992;-960
2993;-960
2994;-960
2995;-960
2996;-960
2997;-960
2998;-960
2999;-960
3000;-960
3001;-960
3002;-960
3003;-960
3004;-960
3005;-960
3006;-960
3007;-960
3008;-960
3009;-960
3010;-960
3011;-960
3012;-960
3013;-960
3014;-960
3015;-960
3016;-960
3017;-960
3018;-960
3019;-960
3020;-960
3021;-960
3022;-960
3023;-960
3024;-960
3025;-959
3026;-958
3027;-957
3028;-956
3029;-955
3030;-954
3031;-953
3032;-952
3033;-951
3034;-950
3035;-949
3036;-948
3037;-947
3038;-946
3039;-945
3040;-944
3041;-943
3042;-942
3043;-960
3044;-960
3045;-960
3046;-960
3047;-960
3048;-960
3049;-960
3050;-960
3051;-960
3052;-960
3053;-960
3054;-960
3055;-960
3056;-960
3057;-960
3058;-960
3059;-960
3060;-960
3061;-960
3062;-960
3063;-960
3064;-960
3065;-960
3066;-960
3067;-960
3068;-960
3069;-960
3070;-960
3071;-960
3072;-960
3073;-960
3074;-960
3075;-960
3076;-960
3077;-960
3078;-960
3079;-960
3080;-960
3081;-960
3082;-960
3083;-960
3084;-960
3085;-960
3086;-960
3087;-960
3088;-960
3089;-960
3090;-960
3091;-960
3092;-960
3093;-960
3094;-960
3095;-960
3096;-960
3097;-960
3098;-960
3099;-960
3100;-960
3101;-960
3102;-960
3103;-960
3104;-960
3105;-960
3106;-960
3107;-960
3108;-960
3109;-960
3110;-960
3111;-959
3112;-958
3113;-957
3114;-956
3115;-955
3116;-954
3117;-953
3118;-952
3119;-951
3120;-950
3121;-949
3122;-948
3123;-947
3124;-946
3125;-945
3126;-944
3127;-943
3128;-942
3129;-941
3130;-960
3131;-960
3132;-960
3133;-960
3134;-960
3135;-960
3136;-960
3137;-960
3138;-960
3139;-960
3140;-960
3141;-960
3142;-960
3143;-960
3144;-960
3145;-960
3146;-960
3147;-960
3148;-960
3149;-960
3150;-960
3151;-960
3152;-960
3153;-960
3154;-960
3155;-960
3156;-960
3157;-960
3158;-960
3159;-960
3160;-960
3161;-960
3162;-960
3163;-960
3164;-960
3165;-960
3166;-960
3167;-960
3168;-960
3169;-960
3170;-960
3171;-960
3172;-960
3173;-960
3174;-960
3175;-960
3176;-960
3177;-960
3178;-960
3179;-960
3180;-960
3181;-960
3182;-960
3183;-960
3184;-960
3185;-960
3186;-960
3187;-960
3188;-960
3189;-960
3190;-960
3191;-960
3192;-960
3193;-960
3194;-960
3195;-960
3196;-960
3197;-959
3198;-958
3199;-957
3200;-956
3201;-955
3202;-954
3203;-953
3204;-952
3205;-951
3206;-950
3207;-949
3208;-948
3209;-947
3210;-946
3211;-945
3212;-944
3213;-943
3214;-942
3215;-941
3216;-940
3217;-939
3218;-938
3219;-960
3220;-960
3221;-960
3222;-960
3223;-960
3224;-960
3225;-960
3226;-960
3227;-960
3228;-960
3229;-960
3230;-960
3231;-960
3232;-960
3233;-960
3234;-960
3235;-960
3236;-960
3237;-960
3238;-960
3239;-960
3240;-960
3241;-960
3242;-960
3243;-960
3244;-960
3245;-960
3246;-960
3247;-960
3248;-960
3249;-960
3250;-960
3251;-960
3252;-960
3253;-960
3254;-960
3255;-960
3256;-960
3257;-960
3258;-960
3259;-950
3260;-950
3261;-950
3262;-950
3263;-950
3264;-950
3265;-950
3266;-950
3267;-950
3268;-950
3269;-950
3270;-950
3271;-950
3272;-950
3273;-950
3274;-950
3275;-950
3276;-950
3277;-950
3278;-950
3279;-950
3280;-950
3281;-950
3282;-950
3283;-949
3284;-948
3285;-947
3286;-946
3287;-945
3288;-944
3289;-943
3290;-942
3291;-941
3292;-940
3293;-939
3294;-938
3295;-937
3296;-936
3297;-935
3298;-934
3299;-933
3300;-932
3301;-931
3302;-930
3303;-929
3304;-928
3305;-950
3306;-950
3307;-950
3308;-950
3309;-950
3310;-950
3311;-950
3312;-950
3313;-950
3314;-950
3315;-950
3316;-950
3317;-950
3318;-950
3319;-950
3320;-950
3321;-950
3322;-950
3323;-950
3324;-950
3325;-950
3326;-950
3327;-950
3328;-950
3329;-950
3330;-950
3331;-950
3332;-950
3333;-950
3334;-950
3335;-950
3336;-950
3337;-950
3338;-950
3339;-950
3340;-950
3341;-950
3342;-950
3343;-950
3344;-950
3345;-950
3346;-950
3347;-950
3348;-950
3349;-950
3350;-950
3351;-950
3352;-950
3353;-950
3354;-950
3355;-950
3356;-950
3357;-950
3358;-950
3359;-950
3360;-950
3361;-950
3362;-950
3363;-950
3364;-950
3365;-950
3366;-950
3367;-950
3368;-950
3369;-949
3370;-948
3371;-947
3372;-946
3373;-945
3374;-944
3375;-943
3376;-942
3377;-941
3378;-940
3379;-939
3380;-938
3381;-937
3382;-936
3383;-935
3384;-934
3385;-933
3386;-950
3387;-950
3388;-950
3389;-950
3390;-950
3391;-950
3392;-950
3393;-950
3394;-950
3395;-950
3396;-950
3397;-950
3398;-950
3399;-950
3400;-950
3401;-950
3402;-950
3403;-950
3404;-950
3405;-950
3406;-950
3407;-950
3408;-950
3409;-950
3410;-950
3411;-950
3412;-950
3413;-950
3414;-950
3415;-950
3416;-950
3417;-950
3418;-950
3419;-950
3420;-950
3421;-950
3422;-950
3423;-950
3424;-950
3425;-950
3426;-950
3427;-950
3428;-950
3429;-950
3430;-950
3431;-950
3432;-950
3433;-950
3434;-950
3435;-950
3436;-950
3437;-950
3438;-950
3439;-950
3440;-950
3441;-950
3442;-950
3443;-950
3444;-950
3445;-950
3446;-950
3447;-950
3448;-950
3449;-950
3450;-950
3451;-950
3452;-950
3453;-950
3454;-950
3455;-949
3456;-948
3457;-947
3458;-946
3459;-945
3460;-944
3461;-943
3462;-942
3463;-941
3464;-940
3465;-939
3466;-938
3467;-937
3468;-936
3469;-935
3470;-934
3471;-950
3472;-950
3473;-950
3474;-950
3475;-950
3476;-950
3477;-950
3478;-950
3479;-950
3480;-950
3481;-950
3482;-950
3483;-950
3484;-950
3485;-950
3486;-950
3487;-950
3488;-950
3489;-950
3490;-950
3491;-950
3492;-950
3493;-950
3494;-950
3495;-950
3496;-950
3497;-950
3498;-950
3499;-950
3500;-950
3501;-950
3502;-950
3503;-950
3504;-950
3505;-950
3506;-950
3507;-950
3508;-950
3509;-950
3510;-950
3511;-950
3512;-950
3513;-950
3514;-950
3515;-950
3516;-950
3517;-950
3518;-950
3519;-950
3520;-950
3521;-950
3522;-950
3523;-950
3524;-950
3525;-950
3526;-950
3527;-950
3528;-950
3529;-950
3530;-950
3531;-950
3532;-950
3533;-950
3534;-950
3535;-950
3536;-950
3537;-950
3538;-950
3539;-950
3540;-950
3541;-949
3542;-948
3543;-947
3544;-946
3545;-945
3546;-944
3547;-943
3548;-942
3549;-941
3550;-940
3551;-939
3552;-938
3553;-950
3554;-950
3555;-950
3556;-950
3557;-950
3558;-950
3559;-950
3560;-950
3561;-950
3562;-950
3563;-950
3564;-950
3565;-950
3566;-950
3567;-950
3568;-950
3569;-950
3570;-950
3571;-950
3572;-950
3573;-950
3574;-950
3575;-950
3576;-950
3577;-950
3578;-950
3579;-950
3580;-950
3581;-950
3582;-950
3583;-950
3584;-950
3585;-950
3586;-950
3587;-950
3588;-950
3589;-950
3590;-950
3591;-950
3592;-950
3593;-950
3594;-950
3595;-950
3596;-950
3597;-950
3598;-950
3599;-950
3600;-950
3601;-950
3602;-950
3603;-950
3604;-950
3605;-950
3606;-950
3607;-950
3608;-950
3609;-950
3610;-950
3611;-950
3612;-950
3613;-950
3614;-950
3615;-950
3616;-950
3617;-950
3618;-950
3619;-950
3620;-950
3621;-950
3622;-950
3623;-950
3624;-950
3625;-950
3626;-950
3627;-949
3628;-948
3629;-947
3630;-946
3631;-945
3632;-944
3633;-943
3634;-942
3635;-941
3636;-940
3637;-939
3638;-938
3639;-937
3640;-936
3641;-935
3642;-934
3643;-933
3644;-950
3645;-950
3646;-950
3647;-950
3648;-950
3649;-950
3650;-950
3651;-950
3652;-950
3653;-950
3654;-950
3655;-950
3656;-950
3657;-950
3658;-950
3659;-950
3660;-950
3661;-950
3662;-950
3663;-950
3664;-950
3665;-950
3666;-950
3667;-950
3668;-950
3669;-950
3670;-950
3671;-950
3672;-950
3673;-950
3674;-950
3675;-950
3676;-950
3677;-950
3678;-950
3679;-950
3680;-950
3681;-950
3682;-950
3683;-950
3684;-950
3685;-950
3686;-950
3687;-950
3688;-950
3689;-950
3690;-950
3691;-950
3692;-950
3693;-950
3694;-950
3695;-950
3696;-950
3697;-950
3698;-950
3699;-940
3700;-940
3701;-940
3702;-940
3703;-940
3704;-940
3705;-940
3706;-940
3707;-940
3708;-940
3709;-940
3710;-940
3711;-940
3712;-940
3713;-939
3714;-938
3715;-937
3716;-936
3717;-935
3718;-934
3719;-933
3720;-932
3721;-931
3722;-930
3723;-929
3724;-928
3725;-927
3726;-926
3727;-925
3728;-924
3729;-923
3730;-922
3731;-921
3732;-920
3733;-919
3734;-918
3735;-917
3736;-916
3737;-940
3738;-940
3739;-940
3740;-940
3741;-940
3742;-940
3743;-940
3744;-940
3745;-940
3746;-940
3747;-940
3748;-940
3749;-940
3750;-940
3751;-940
3752;-940
3753;-940
3754;-940
3755;-940
3756;-940
3757;-940
3758;-940
3759;-940
3760;-940
3761;-940
3762;-940
3763;-940
3764;-940
3765;-940
3766;-940
3767;-940
3768;-940
3769;-940
3770;-940
3771;-940
3772;-940
3773;-940
3774;-940
3775;-940
3776;-940
3777;-940
3778;-940
3779;-940
3780;-940
3781;-940
3782;-940
3783;-940
3784;-940
3785;-940
3786;-940
3787;-940
3788;-940
3789;-940
3790;-940
3791;-940
3792;-940
3793;-940
3794;-940
3795;-940
3796;-940
3797;-940
3798;-940
3799;-939
3800;-938
3801;-937
3802;-936
3803;-935
3804;-934
3805;-933
3806;-932
3807;-931
3808;-930
3809;-929
3810;-928
3811;-927
3812;-926
3813;-925
3814;-940
3815;-940
3816;-940
3817;-940
3818;-940
3819;-940
3820;-940
3821;-940
3822;-940
3823;-940
3824;-940
3825;-940
3826;-940
3827;-940
3828;-940
3829;-940
3830;-940
3831;-940
3832;-940
3833;-940
3834;-940
3835;-940
3836;-940
3837;-940
3838;-940
3839;-940
3840;-940
3841;-940
3842;-940
3843;-940
3844;-940
3845;-940
3846;-940
3847;-940
3848;-940
3849;-940
3850;-940
3851;-940
3852;-940
3853;-940
3854;-940
3855;-940
3856;-940
3857;-940
3858;-940
3859;-940
3860;-940
3861;-940
3862;-940
3863;-940
3864;-940
3865;-940
3866;-940
3867;-940
3868;-940
3869;-940
3870;-940
3871;-940
3872;-940
3873;-940
3874;-940
3875;-940
3876;-940
3877;-940
3878;-940
3879;-940
3880;-940
3881;-940
3882;-940
3883;-940
3884;-940
3885;-939
3886;-938
3887;-937
3888;-936
3889;-935
3890;-934
3891;-933
3892;-932
3893;-931
3894;-930
3895;-929
3896;-928
3897;-927
3898;-926
3899;-925
3900;-924
3901;-923
3902;-922
3903;-921
3904;-920
3905;-919
3906;-940
3907;-940
3908;-940
3909;-940
3910;-940
3911;-940
3912;-940
3913;-940
3914;-940
3915;-940
3916;-940
3917;-940
3918;-940
3919;-940
3920;-940
3921;-940
3922;-940
3923;-940
3924;-940
3925;-940
3926;-940
3927;-940
3928;-940
3929;-940
3930;-940
3931;-940
3932;-940
3933;-940
3934;-940
3935;-940
3936;-940
3937;-940
3938;-940
3939;-940
3940;-940
3941;-940
3942;-940
3943;-940
3944;-940
3945;-940
3946;-940
3947;-940
3948;-940
3949;-940
3950;-940
3951;-940
3952;-940
3953;-940
3954;-940
3955;-940
3956;-940
3957;-940
3958;-940
3959;-940
3960;-940
3961;-940
3962;-940
3963;-940
3964;-940
3965;-940
3966;-940
3967;-940
3968;-940
3969;-940
3970;-940
3971;-939
3972;-938
3973;-937
3974;-936
3975;-935
3976;-934
3977;-933
3978;-932
3979;-931
3980;-930
3981;-929
3982;-928
3983;-927
3984;-926
3985;-925
3986;-924
3987;-923
3988;-922
3989;-921
3990;-920
3991;-919
3992;-940
3993;-940
3994;-940
3995;-940
3996;-940
3997;-940
3998;-940
3999;-940
4000;-940
4001;-940
4002;-940
4003;-940
4004;-940
4005;-940
4006;-940
4007;-940
4008;-940
4009;-940
4010;-940
4011;-940
4012;-940
4013;-940
4014;-940
4015;-940
4016;-940
4017;-940
4018;-940
4019;-940
4020;-940
4021;-940
4022;-940
4023;-940
4024;-940
4025;-940
4026;-940
4027;-940
4028;-940
4029;-940
4030;-940
4031;-940
4032;-940
4033;-940
4034;-940
4035;-940
4036;-940
4037;-940
4038;-940
4039;-940
4040;-940
4041;-940
4042;-940
4043;-940
4044;-940
4045;-930
4046;-930
4047;-930
4048;-930
4049;-930
4050;-930
4051;-930
4052;-930
4053;-930
4054;-930
4055;-930
4056;-930
4057;-929
4058;-928
4059;-927
4060;-926
4061;-925
4062;-924
4063;-923
4064;-922
4065;-921
4066;-920
4067;-919
4068;-918
4069;-917
4070;-916
4071;-915
4072;-930
4073;-930
4074;-930
4075;-930
4076;-930
4077;-930
4078;-930
4079;-930
4080;-930
4081;-930
4082;-930
4083;-930
4084;-930
4085;-930
4086;-930
4087;-930
4088;-930
4089;-930
4090;-930
4091;-930
4092;-930
4093;-930
4094;-930
4095;-930
4096;-930
4097;-930
4098;-930
4099;-930
4100;-930
4101;-930
4102;-930
4103;-930
4104;-930
4105;-930
4106;-930
4107;-930
4108;-930
4109;-930
4110;-930
4111;-930
4112;-930
4113;-930
4114;-930
4115;-930
4116;-930
4117;-930
4118;-930
4119;-930
4120;-930
4121;-930
4122;-930
4123;-930
4124;-930
4125;-930
4126;-930
4127;-930
4128;-930
4129;-930
4130;-930
4131;-930
4132;-930
4133;-930
4134;-930
4135;-930
4136;-930
4137;-930
4138;-930
4139;-930
4140;-930
4141;-930
4142;-930
4143;-929
4144;-928
4145;-927
4146;-926
4147;-925
4148;-924
4149;-923
4150;-922
4151;-921
4152;-920
4153;-919
4154;-918
4155;-917
4156;-916
4157;-915
4158;-914
4159;-913
4160;-912
4161;-911
4162;-930
4163;-930
4164;-930
4165;-930
4166;-930
4167;-930
4168;-930
4169;-930
4170;-930
4171;-930
4172;-930
4173;-930
4174;-930
4175;-930
4176;-930
4177;-930
4178;-930
4179;-930
4180;-930
4181;-930
4182;-930
4183;-930
4184;-930
4185;-930
4186;-930
4187;-930
4188;-930
4189;-930
4190;-930
4191;-930
4192;-930
4193;-930
4194;-930
4195;-930
4196;-930
4197;-930
4198;-930
4199;-930
4200;-930
4201;-930
4202;-930
4203;-930
4204;-930
4205;-930
4206;-930
4207;-930
4208;-930
4209;-930
4210;-930
4211;-930
4212;-930
4213;-930
4214;-930
4215;-930
4216;-930
4217;-930
4218;-930
4219;-930
4220;-930
4221;-930
4222;-930
4223;-930
4224;-930
4225;-930
4226;-930
4227;-930
4228;-930
4229;-929
4230;-928
4231;-927
4232;-926
4233;-925
4234;-924
4235;-923
4236;-922
4237;-921
4238;-920
4239;-919
4240;-918
4241;-917
4242;-916
4243;-915
4244;-914
4245;-913
4246;-912
4247;-930
4248;-930
4249;-930
4250;-930
4251;-930
4252;-930
4253;-930
4254;-930
4255;-930
4256;-930
4257;-930
4258;-930
4259;-930
4260;-930
4261;-930
4262;-930
4263;-930
4264;-930
4265;-930
4266;-930
4267;-930
4268;-930
4269;-930
4270;-930
4271;-930
4272;-930
4273;-930
4274;-930
4275;-930
4276;-930
4277;-930
4278;-930
4279;-930
4280;-930
4281;-930
4282;-930
4283;-930
4284;-930
4285;-930
4286;-930
4287;-930
4288;-930
4289;-930
4290;-930
4291;-930
4292;-930
4293;-930
4294;-930
4295;-930
4296;-930
4297;-930
4298;-930
4299;-920
4300;-920
4301;-920
4302;-920
4303;-920
4304;-920
4305;-920
4306;-920
4307;-920
4308;-920
4309;-920
4310;-920
4311;-920
4312;-920
4313;-920
4314;-920
4315;-919
4316;-918
4317;-917
4318;-916
4319;-915
4320;-914
4321;-913
4322;-912
4323;-911
4324;-910
4325;-909
4326;-908
4327;-907
4328;-920
4329;-920
4330;-920
4331;-920
4332;-920
4333;-920
4334;-920
4335;-920
4336;-920
4337;-920
4338;-920
4339;-920
4340;-920
4341;-920
4342;-920
4343;-920
4344;-920
4345;-920
4346;-920
4347;-920
4348;-920
4349;-920
4350;-920
4351;-920
4352;-920
4353;-920
4354;-920
4355;-920
4356;-920
4357;-920
4358;-920
4359;-920
4360;-920
4361;-920
4362;-920
4363;-920
4364;-920
4365;-920
4366;-920
4367;-920
4368;-920
4369;-920
4370;-920
4371;-920
4372;-920
4373;-920
4374;-920
4375;-920
4376;-920
4377;-920
4378;-920
4379;-920
4380;-920
4381;-920
4382;-920
4383;-920
4384;-920
4385;-920
4386;-920
4387;-920
4388;-920
4389;-920
4390;-920
4391;-920
4392;-920
4393;-920
4394;-920
4395;-920
4396;-920
4397;-920
4398;-920
4399;-920
4400;-920
4401;-919
4402;-918
4403;-917
4404;-916
4405;-915
4406;-914
4407;-913
4408;-912
4409;-911
4410;-910
4411;-909
4412;-908
4413;-907
4414;-906
4415;-905
4416;-904
4417;-903
4418;-920
4419;-920
4420;-920
4421;-920
4422;-920
4423;-920
4424;-920
4425;-920
4426;-920
4427;-920
4428;-920
4429;-920
4430;-920
4431;-920
4432;-920
4433;-920
4434;-920
4435;-920
4436;-920
4437;-920
4438;-920
4439;-920
4440;-920
4441;-920
4442;-920
4443;-920
4444;-920
4445;-920
4446;-920
4447;-920
4448;-920
4449;-920
4450;-920
4451;-920
4452;-920
4453;-920
4454;-920
4455;-920
4456;-920
4457;-920
4458;-920
4459;-920
4460;-920
4461;-920
4462;-920
4463;-920
4464;-920
4465;-920
4466;-920
4467;-920
4468;-920
4469;-920
4470;-920
4471;-920
4472;-920
4473;-920
4474;-920
4475;-920
4476;-920
4477;-920
4478;-920
4479;-920
4480;-920
4481;-920
4482;-920
4483;-920
4484;-920
4485;-920
4486;-920
4487;-919
4488;-918
4489;-917
4490;-916
4491;-915
4492;-914
4493;-913
4494;-912
4495;-911
4496;-910
4497;-909
4498;-908
4499;-907
4500;-920
4501;-920
4502;-920
4503;-920
4504;-920
4505;-920
4506;-920
4507;-920
4508;-920
4509;-920
4510;-920
4511;-920
4512;-920
4513;-920
4514;-920
4515;-920
4516;-920
4517;-920
4518;-920
4519;-920
4520;-920
4521;-920
4522;-920
4523;-920
4524;-920
4525;-920
4526;-920
4527;-920
4528;-920
4529;-920
4530;-920
4531;-920
4532;-920
4533;-920
4534;-920
4535;-920
4536;-920
4537;-920
4538;-920
4539;-920
4540;-920
4541;-920
4542;-920
4543;-920
4544;-920
4545;-920
4546;-920
4547;-920
4548;-920
4549;-920
4550;-920
4551;-920
4552;-920
4553;-920
4554;-920
4555;-920
4556;-920
4557;-920
4558;-920
4559;-920
4560;-920
4561;-920
4562;-920
4563;-920
4564;-920
4565;-920
4566;-920
4567;-920
4568;-920
4569;-920
4570;-920
4571;-920
4572;-920
4573;-919
4574;-918
4575;-917
4576;-916
4577;-915
4578;-914
4579;-913
4580;-912
4581;-911
4582;-910
4583;-909
4584;-908
4585;-907
4586;-906
4587;-905
4588;-904
4589;-903
4590;-920
4591;-920
4592;-920
4593;-920
4594;-920
4595;-920
4596;-920
4597;-920
4598;-920
4599;-920
4600;-920
4601;-920
4602;-920
4603;-920
4604;-920
4605;-920
4606;-920
4607;-920
4608;-920
4609;-920
4610;-920
4611;-920
4612;-910
4613;-910
4614;-910
4615;-910
4616;-910
4617;-910
4618;-910
4619;-910
4620;-910
4621;-910
4622;-910
4623;-910
4624;-910
4625;-910
4626;-910
4627;-910
4628;-910
4629;-910
4630;-910
4631;-910
4632;-910
4633;-910
4634;-910
4635;-910
4636;-910
4637;-910
4638;-910
4639;-910
4640;-910
4641;-910
4642;-910
4643;-910
4644;-910
4645;-910
4646;-910
4647;-910
4648;-910
4649;-910
4650;-910
4651;-910
4652;-910
4653;-910
4654;-910
4655;-910
4656;-910
4657;-910
4658;-910
4659;-909
4660;-908
4661;-907
4662;-906
4663;-905
4664;-904
4665;-903
4666;-902
4667;-901
4668;-900
4669;-899
4670;-898
4671;-897
4672;-896
4673;-895
4674;-894
4675;-893
4676;-892
4677;-910
4678;-910
4679;-910
4680;-910
4681;-910
4682;-910
4683;-910
4684;-910
4685;-910
4686;-910
4687;-910
4688;-910
4689;-910
4690;-910
4691;-910
4692;-910
4693;-910
4694;-910
4695;-910
4696;-910
4697;-910
4698;-910
4699;-910
4700;-910
4701;-910
4702;-910
4703;-910
4704;-910
4705;-910
4706;-910
4707;-910
4708;-910
4709;-910
4710;-910
4711;-910
4712;-910
4713;-910
4714;-910
4715;-910
4716;-910
4717;-910
4718;-910
4719;-910
4720;-910
4721;-910
4722;-910
4723;-910
4724;-910
4725;-910
4726;-910
4727;-910
4728;-910
4729;-910
4730;-910
4731;-910
4732;-910
4733;-910
4734;-910
4735;-910
4736;-910
4737;-910
4738;-910
4739;-910
4740;-910
4741;-910
4742;-910
4743;-910
4744;-910
4745;-909
4746;-908
4747;-907
4748;-910
4749;-910
4750;-910
4751;-910
4752;-910
4753;-910
4754;-910
4755;-910
4756;-910
4757;-910
4758;-910
4759;-910
4760;-910
4761;-910
4762;-910
4763;-910
4764;-910
4765;-910
4766;-910
4767;-910
4768;-910
4769;-910
4770;-910
4771;-910
4772;-910
4773;-910
4774;-910
4775;-910
4776;-910
4777;-910
4778;-910
4779;-910
4780;-910
4781;-910
4782;-910
4783;-910
4784;-910
4785;-910
4786;-910
4787;-910
4788;-910
4789;-910
4790;-910
4791;-910
4792;-910
4793;-910
4794;-910
4795;-910
4796;-910
4797;-910
4798;-910
4799;-910
4800;-910
4801;-900
4802;-900
4803;-900
4804;-900
4805;-900
4806;-900
4807;-900
4808;-900
4809;-900
4810;-900
4811;-900
4812;-900
4813;-900
4814;-900
4815;-900
4816;-900
4817;-900
4818;-900
4819;-900
4820;-900
4821;-900
4822;-900
4823;-900
4824;-900
4825;-900
4826;-900
4827;-900
4828;-900
4829;-900
4830;-900
4831;-899
4832;-898
4833;-897
4834;-896
4835;-895
4836;-894
4837;-893
4838;-892
4839;-891
4840;-890
4841;-889
4842;-888
4843;-887
4844;-886
4845;-885
4846;-884
4847;-883
4848;-882
4849;-881
4850;-900
4851;-900
4852;-900
4853;-900
4854;-900
4855;-900
4856;-900
4857;-900
4858;-900
4859;-900
4860;-900
4861;-900
4862;-900
4863;-900
4864;-900
4865;-900
4866;-900
4867;-900
4868;-900
4869;-900
4870;-900
4871;-900
4872;-900
4873;-900
4874;-900
4875;-900
4876;-900
4877;-900
4878;-900
4879;-900
4880;-900
4881;-900
4882;-900
4883;-900
4884;-900
4885;-900
4886;-900
4887;-900
4888;-900
4889;-900
4890;-900
4891;-900
4892;-900
4893;-900
4894;-900
4895;-900
4896;-900
4897;-900
4898;-900
4899;-900
4900;-900
4901;-900
4902;-900
4903;-900
4904;-900
4905;-900
4906;-900
4907;-900
4908;-900
4909;-900
4910;-900
4911;-900
4912;-900
4913;-900
4914;-900
4915;-900
4916;-900
4917;-899
4918;-898
4919;-897
4920;-896
4921;-895
4922;-894
4923;-893
4924;-892
4925;-891
4926;-890
4927;-889
4928;-888
4929;-887
4930;-886
4931;-885
4932;-884
4933;-883
4934;-882
4935;-881
4936;-900
4937;-900
4938;-900
4939;-900
4940;-900
4941;-900
4942;-900
4943;-900
4944;-900
4945;-900
4946;-900
4947;-900
4948;-900
4949;-900
4950;-900
4951;-900
4952;-900
4953;-900
4954;-900
4955;-900
4956;-900
4957;-900
4958;-900
4959;-900
4960;-900
4961;-900
4962;-900
4963;-900
4964;-900
4965;-900
4966;-900
4967;-900
4968;-900
4969;-900
4970;-900
4971;-900
4972;-900
4973;-900
4974;-900
4975;-900
4976;-900
4977;-900
4978;-900
4979;-900
4980;-900
4981;-900
4982;-900
4983;-900
4984;-900
4985;-900
4986;-900
4987;-900
4988;-900
4989;-900
4990;-900
4991;-900
4992;-900
4993;-900
4994;-900
4995;-900
4996;-900
4997;-900
4998;-900
4999;-900
5000;-900
5001;-900
5002;-900
5003;-899
5004;-898
5005;-897
5006;-896
5007;-895
5008;-894
5009;-893
5010;-892
5011;-891
5012;-890
5013;-889
5014;-888
5015;-887
5016;-900
5017;-900
5018;-900
5019;-900
5020;-900
5021;-900
5022;-900
5023;-900
5024;-890
5025;-890
5026;-890
5027;-890
5028;-890
5029;-890
5030;-890
5031;-890
5032;-890
5033;-890
5034;-890
5035;-890
5036;-890
5037;-890
5038;-890
5039;-890
5040;-890
5041;-890
5042;-890
5043;-890
5044;-890
5045;-890
5046;-890
5047;-890
5048;-890
5049;-890
5050;-890
5051;-890
5052;-890
5053;-890
5054;-890
5055;-890
5056;-890
5057;-890
5058;-890
5059;-890
5060;-890
5061;-890
5062;-890
5063;-890
5064;-890
5065;-890
5066;-890
5067;-890
5068;-890
5069;-890
5070;-890
5071;-890
5072;-890
5073;-890
5074;-890
5075;-890
5076;-890
5077;-890
5078;-890
5079;-890
5080;-890
5081;-890
5082;-890
5083;-890
5084;-890
5085;-890
5086;-890
5087;-890
5088;-890
5089;-889
5090;-888
5091;-887
5092;-886
5093;-885
5094;-884
5095;-883
5096;-882
5097;-881
5098;-880
5099;-879
5100;-890
5101;-890
5102;-890
5103;-890
5104;-890
5105;-890
5106;-890
5107;-890
5108;-890
5109;-890
5110;-890
5111;-890
5112;-890
5113;-890
5114;-890
5115;-890
5116;-890
5117;-890
5118;-890
5119;-890
5120;-890
5121;-890
5122;-890
5123;-890
5124;-890
5125;-890
5126;-890
5127;-890
5128;-890
5129;-890
5130;-890
5131;-890
5132;-890
5133;-890
5134;-890
5135;-890
5136;-890
5137;-890
5138;-890
5139;-890
5140;-890
5141;-890
5142;-890
5143;-890
5144;-890
5145;-890
5146;-890
5147;-890
5148;-890
5149;-890
5150;-890
5151;-890
5152;-890
5153;-890
5154;-890
5155;-890
5156;-890
5157;-880
5158;-880
5159;-880
5160;-880
5161;-880
5162;-880
5163;-880
5164;-880
5165;-880
5166;-880
5167;-880
5168;-880
5169;-880
5170;-880
5171;-880
5172;-880
5173;-880
5174;-880
5175;-879
5176;-878
5177;-877
5178;-876
5179;-875
5180;-874
5181;-873
5182;-872
5183;-871
5184;-870
5185;-869
5186;-868
5187;-867
5188;-866
5189;-880
5190;-880
5191;-880
5192;-880
5193;-880
5194;-880
5195;-880
5196;-880
5197;-880
5198;-880
5199;-880
5200;-880
5201;-880
5202;-880
5203;-880
5204;-880
5205;-880
5206;-880
5207;-880
5208;-880
5209;-880
5210;-880
5211;-880
5212;-880
5213;-880
5214;-880
5215;-880
5216;-880
5217;-880
5218;-880
5219;-880
5220;-880
5221;-880
5222;-880
5223;-880
5224;-880
5225;-880
5226;-880
5227;-880
5228;-880
5229;-880
5230;-880
5231;-880
5232;-880
5233;-880
5234;-880
5235;-880
5236;-880
5237;-880
5238;-880
5239;-880
5240;-880
5241;-880
5242;-880
5243;-880
5244;-880
5245;-880
5246;-880
5247;-880
5248;-880
5249;-880
5250;-880
5251;-880
5252;-880
5253;-880
5254;-880
5255;-880
5256;-880
5257;-880
5258;-880
5259;-880
5260;-880
5261;-879
5262;-878
5263;-877
5264;-876
5265;-880
5266;-880
5267;-880
5268;-880
5269;-880
5270;-880
5271;-880
5272;-880
5273;-880
5274;-880
5275;-880
5276;-880
5277;-880
5278;-880
5279;-880
5280;-880
5281;-880
5282;-880
5283;-880
5284;-880
5285;-880
5286;-880
5287;-880
5288;-880
5289;-880
5290;-880
5291;-880
5292;-880
5293;-880
5294;-880
5295;-880
5296;-880
5297;-880
5298;-880
5299;-880
5300;-880
5301;-880
5302;-880
5303;-880
5304;-880
5305;-880
5306;-880
5307;-880
5308;-880
5309;-880
5310;-880
5311;-880
5312;-880
5313;-880
5314;-880
5315;-880
5316;-880
5317;-880
5318;-880
5319;-880
5320;-880
5321;-880
5322;-880
5323;-880
5324;-880
5325;-880
5326;-880
5327;-880
5328;-880
5329;-880
5330;-880
5331;-880
5332;-880
5333;-880
5334;-880
5335;-880
5336;-880
5337;-880
5338;-880
5339;-880
5340;-880
5341;-880
5342;-880
5343;-880
5344;-880
5345;-880
5346;-880
5347;-879
5348;-878
5349;-877
5350;-876
5351;-875
5352;-874
5353;-873
5354;-860
5355;-860
5356;-860
5357;-860
5358;-860
5359;-860
5360;-860
5361;-860
5362;-860
5363;-860
5364;-860
5365;-860
5366;-860
5367;-860
5368;-860
5369;-860
5370;-860
5371;-860
5372;-860
5373;-860
5374;-860
5375;-860
5376;-860
5377;-860
5378;-860
5379;-860
5380;-860
5381;-860
5382;-860
5383;-860
5384;-860
5385;-860
5386;-860
5387;-860
5388;-860
5389;-860
5390;-860
5391;-860
5392;-860
5393;-860
5394;-860
5395;-860
5396;-860
5397;-860
5398;-860
5399;-860
5400;-860
5401;-860
5402;-860
5403;-860
5404;-860
5405;-860
5406;-860
5407;-860
5408;-860
5409;-860
5410;-860
5411;-860
5412;-860
5413;-860
5414;-860
5415;-860
5416;-860
5417;-860
5418;-860
5419;-860
5420;-860
5421;-860
5422;-860
5423;-860
5424;-860
5425;-860
5426;-860
5427;-860
5428;-860
5429;-860
5430;-860
5431;-860
5432;-860
5433;-859
5434;-858
5435;-857
5436;-856
5437;-855
5438;-854
5439;-853
5440;-852
5441;-851
5442;-850
5443;-860
5444;-860
5445;-860
5446;-860
5447;-860
5448;-860
5449;-860
5450;-860
5451;-860
5452;-860
5453;-860
5454;-860
5455;-860
5456;-860
5457;-860
5458;-860
5459;-860
5460;-860
5461;-860
5462;-860
5463;-860
5464;-860
5465;-860
5466;-860
5467;-860
5468;-860
5469;-860
5470;-860
5471;-860
5472;-860
5473;-860
5474;-860
5475;-860
5476;-860
5477;-860
5478;-860
5479;-860
5480;-860
5481;-860
5482;-860
5483;-860
5484;-860
5485;-860
5486;-860
5487;-860
5488;-860
5489;-860
5490;-860
5491;-860
5492;-860
5493;-860
5494;-860
5495;-860
5496;-860
5497;-860
5498;-860
5499;-860
5500;-860
5501;-860
5502;-860
5503;-860
5504;-860
5505;-860
5506;-860
5507;-860
5508;-860
5509;-860
5510;-860
5511;-860
5512;-860
5513;-860
5514;-860
5515;-860
5516;-860
5517;-860
5518;-860
5519;-859
5520;-858
5521;-857
5522;-856
5523;-855
5524;-854
5525;-853
5526;-852
5527;-851
5528;-850
5529;-849
5530;-848
5531;-847
5532;-846
5533;-845
5534;-844
5535;-843
5536;-842
5537;-841
5538;-840
5539;-839
5540;-860
5541;-860
5542;-860
5543;-860
5544;-860
5545;-860
5546;-860
5547;-860
5548;-860
5549;-860
5550;-860
5551;-860
5552;-860
5553;-860
5554;-860
5555;-860
5556;-860
5557;-860
5558;-840
5559;-840
5560;-840
5561;-840
5562;-840
5563;-840
5564;-840
5565;-840
5566;-840
5567;-840
5568;-840
5569;-840
5570;-840
5571;-840
5572;-840
5573;-840
5574;-840
5575;-840
5576;-840
5577;-840
5578;-840
5579;-840
5580;-840
5581;-840
5582;-840
5583;-840
5584;-840
5585;-840
5586;-840
5587;-840
5588;-840
5589;-840
5590;-840
5591;-840
5592;-840
5593;-840
5594;-840
5595;-840
5596;-840
5597;-840
5598;-840
5599;-840
5600;-840
5601;-840
5602;-840
5603;-840
5604;-840
5605;-839
5606;-838
5607;-837
5608;-836
5609;-835
5610;-834
5611;-833
5612;-832
5613;-831
5614;-830
5615;-829
5616;-828
5617;-827
5618;-826
5619;-825
5620;-824
5621;-823
5622;-840
5623;-840
5624;-840
5625;-840
5626;-840
5627;-840
5628;-840
5629;-840
5630;-840
5631;-840
5632;-840
5633;-840
5634;-840
5635;-840
5636;-840
5637;-840
5638;-840
5639;-840
5640;-840
5641;-840
5642;-840
5643;-840
5644;-840
5645;-840
5646;-840
5647;-840
5648;-839
5649;-838
5650;-837
5651;-836
5652;-835
5653;-834
5654;-833
5655;-832
5656;-831
5657;-840
5658;-840
5659;-840
5660;-840
5661;-820
5662;-820
5663;-820
5664;-820
5665;-820
5666;-820
5667;-820
5668;-820
5669;-820
5670;-820
5671;-820
5672;-820
5673;-820
5674;-820
5675;-820
5676;-820
5677;-820
5678;-820
5679;-820
5680;-820
5681;-820
5682;-820
5683;-820
5684;-820
5685;-820
5686;-820
5687;-820
5688;-820
5689;-820
5690;-820
5691;-819
5692;-818
5693;-817
5694;-816
5695;-815
5696;-820
5697;-820
5698;-820
5699;-820
5700;-820
5701;-820
5702;-820
5703;-820
5704;-820
5705;-820
5706;-820
5707;-820
5708;-820
5709;-820
5710;-820
5711;-820
5712;-820
5713;-820
5714;-820
5715;-820
5716;-820
5717;-820
5718;-820
5719;-820
5720;-820
5721;-820
5722;-820
5723;-820
5724;-820
5725;-820
5726;-820
5727;-820
5728;-820
5729;-820
5730;-820
5731;-820
5732;-820
5733;-820
5734;-820
5735;-820
5736;-820
5737;-820
5738;-820
5739;-820
5740;-820
5741;-819
5742;-818
5743;-817
5744;-816
5745;-815
5746;-818
5747;-817
5748;-816
5749;-815
5750;-814
5751;-813
5752;-812
5753;-811
5754;-810
5755;-809
5756;-808
5757;-807
5758;-806
5759;-805
5760;-804
5761;-800
5762;-800
5763;-800
5764;-800
5765;-800
5766;-800
5767;-799
5768;-798
5769;-800
5770;-800
5771;-800
5772;-800
5773;-800
5774;-800
5775;-800
5776;-800
5777;-800
5778;-800
5779;-800
5780;-800
5781;-800
5782;-800
5783;-800
5784;-800
5785;-800
5786;-800
5787;-800
5788;-800
5789;-800
5790;-800
5791;-800
5792;-800
5793;-800
5794;-800
5795;-800
5796;-800
5797;-800
5798;-800
5799;-800
5800;-800
5801;-800
5802;-780
5803;-780
5804;-780
5805;-780
5806;-780
5807;-780
5808;-780
5809;-780
5810;-780
5811;-780
5812;-780
5813;-780
5814;-780
5815;-780
5816;-780
5817;-780
5818;-780
5819;-780
5820;-780
5821;-780
5822;-780
5823;-780
5824;-780
5825;-780
5826;-780
5827;-780
5828;-780
5829;-780
5830;-780
5831;-780
5832;-780
5833;-780
5834;-780
5835;-780
5836;-780
5837;-780
5838;-780
5839;-780
5840;-780
5841;-780
5842;-780
5843;-780
5844;-779
5845;-778
5846;-777
5847;-776
5848;-775
5849;-774
5850;-773
5851;-772
5852;-771
5853;-760
5854;-760
5855;-760
5856;-760
5857;-760
5858;-760
5859;-760
5860;-760
5861;-759
5862;-758
5863;-757
5864;-756
5865;-755
5866;-754
5867;-753
5868;-752
5869;-760
5870;-760
5871;-760
5872;-760
5873;-760
5874;-760
5875;-760
5876;-760
5877;-760
5878;-760
5879;-760
5880;-760
5881;-760
5882;-760
5883;-760
5884;-760
5885;-740
5886;-740
5887;-740
5888;-740
5889;-740
5890;-740
5891;-740
5892;-740
5893;-740
5894;-740
5895;-740
5896;-740
5897;-740
5898;-740
5899;-740
5900;-740
5901;-740
5902;-740
5903;-740
5904;-740
5905;-740
5906;-740
5907;-740
5908;-740
5909;-740
5910;-739
5911;-738
5912;-737
5913;-736
5914;-735
5915;-734
5916;-733
5917;-732
5918;-731
5919;-730
5920;-729
5921;-740
5922;-740
5923;-740
5924;-740
5925;-720
5926;-720
5927;-720
5928;-720
5929;-720
5930;-720
5931;-720
5932;-720
5933;-720
5934;-720
5935;-720
5936;-720
5937;-720
5938;-720
5939;-720
5940;-719
5941;-718
5942;-717
5943;-716
5944;-715
5945;-714
5946;-713
5947;-712
5948;-711
5949;-710
5950;-709
5951;-708
